onset	duration	trial_type	rt	resp	selection	gender	image	image_type
0.0	1.0	ISI	n/a	n/a	n/a	n/a	n/a	n/a
1.020072799990885	2.7502197000430897	decision_monetary	1.4747068999568	9	predict_win	P	P_DD901.jpg	brown
3.7705936999991536	2.0124287999933586	ISI	n/a	n/a	n/a	P	P_DD901.jpg	brown
5.786579399951734	2.751906100078486	decision_monetary	1.1411326000234112	3	recall_loss	P	P_DD902.jpg	green
8.538789400015958	2.0108950999565423	ISI	n/a	n/a	n/a	P	P_DD902.jpg	green
10.5532644999912	2.7512312999460846	decision_monetary	1.3907082999357954	4	recall_neutral	P	P_SD901.jpg	yellow
13.30480019992683	2.0115762000204995	ISI	n/a	n/a	n/a	P	P_SD901.jpg	yellow
15.319821599987336	2.751803099992685	decision_monetary	1.0582121999468654	8	predict_loss	P	P_SD902.jpg	brown
18.071929199970327	2.0111788000212982	ISI	n/a	n/a	n/a	P	P_SD902.jpg	brown
