onset	duration	trial_type	rt	resp	selection	gender	image	image_type
0.0	1.0	ISI	n/a	n/a	n/a	n/a	n/a	n/a
1.0190381999127567	2.750608399976045	decision_monetary	1.8411260000430048	2	predict_win	P	P_DD901.jpg	brown
3.7699537998996675	2.0127324000932276	ISI	n/a	n/a	n/a	P	P_DD901.jpg	brown
5.786275199847296	2.7740547000430524	decision_monetary	2.77386140008457	7	recall_neutral	P	P_DD902.jpg	green
8.560601699864492	2.005375200184062	ISI	n/a	n/a	n/a	P	P_DD902.jpg	green
10.5696014999412	2.7505467000883073	decision_monetary	1.4741555000655353	2	predict_win	P	P_SD901.jpg	yellow
13.320452699903399	2.012170000001788	ISI	n/a	n/a	n/a	P	P_SD901.jpg	yellow
15.336158100049943	2.752107399981469	decision_monetary	2.3063903998117894	4	predict_neutral	P	P_SD902.jpg	brown
18.08856759988703	2.01061230013147	ISI	n/a	n/a	n/a	P	P_SD902.jpg	brown
