onset	duration	trial_type	rt	resp	selection	gender	image	image_type
0.0	1.0	ISI	n/a	n/a	n/a	n/a	n/a	n/a
1.0213715999852866	2.776728200027719	decision_monetary	2.776359200011939	8	predict_win	P	P_DD901.jpg	brown
3.8032085000304505	2.0013859999598935	ISI	n/a	n/a	n/a	P	P_DD901.jpg	brown
5.818225700000767	2.7511076999944635	decision_monetary	2.433222300023772	2	recall_loss	P	P_DD902.jpg	green
8.569697300030384	2.0054819000069983	ISI	n/a	n/a	n/a	P	P_DD902.jpg	green
10.579887600033544	2.7512413999647833	decision_monetary	2.5090100999805145	2	recall_loss	P	P_SD901.jpg	yellow
13.331494199985173	2.0142740000155754	ISI	n/a	n/a	n/a	P	P_SD901.jpg	yellow
15.350607600004878	2.751946099975612	decision_monetary	1.7237915000296198	2	recall_loss	P	P_SD902.jpg	brown
18.102914699993562	2.013490699988324	ISI	n/a	n/a	n/a	P	P_SD902.jpg	brown
