onset	duration	trial_type	rt	resp	selection	gender	image	image_type
0.0	1.0	ISI	n/a	n/a	n/a	n/a	n/a	n/a
1.018666599993594	2.763982400065288	decision_monetary_MISSED	missed	missed	missed	P	P_DD901.jpg	brown
3.7833896999945864	2.0156223999802023	ISI	n/a	n/a	n/a	P	P_DD901.jpg	brown
5.808470300049521	2.752046599984169	decision_monetary	0.8690727999201044	2	predict_win	P	P_DD902.jpg	green
8.560820100014098	2.0050302000017837	ISI	n/a	n/a	n/a	P	P_DD902.jpg	green
10.569177399971522	2.763426100020297	decision_monetary_MISSED	missed	missed	missed	P	P_SD901.jpg	yellow
13.332866600016132	2.0010510999709368	ISI	0.05089940002653748	2	predict_win	P	P_SD901.jpg	yellow
15.337380500044674	2.7618836999172345	decision_monetary_MISSED	missed	missed	missed	P	P_SD902.jpg	brown
18.099525499972515	2.000733199995011	ISI	0.08368230005726218	2	predict_win	P	P_SD902.jpg	brown
