onset	duration	trial_type	rt	resp	selection	gender	image	image_type
0.0	1.0	ISI	n/a	n/a	n/a	n/a	n/a	n/a
1.0196457999991253	2.751445399946533	decision_monetary	2.474009900004603	2	recall_win	P	P_DD901.jpg	brown
3.7713878999929875	2.011828299961053	ISI	n/a	n/a	n/a	P	P_DD901.jpg	brown
5.786757200025022	2.751393200014718	decision_monetary	1.4408371999161318	2	recall_win	P	P_DD902.jpg	green
8.538454000023194	2.011457399930805	ISI	n/a	n/a	n/a	P	P_DD902.jpg	green
10.553142499993555	2.7633326000068337	decision_monetary_MISSED	missed	missed	missed	P	P_SD901.jpg	yellow
13.316731099970639	2.0005237000295892	ISI	0.250223399954848	8	predict_loss	P	P_SD901.jpg	yellow
15.32072399999015	2.750337800011039	decision_monetary	1.4222298000240698	8	predict_loss	P	P_SD902.jpg	brown
18.071348099969327	2.011705999961123	ISI	n/a	n/a	n/a	P	P_SD902.jpg	brown
