onset	duration	trial_type	rt	resp	selection	gender	image	image_type
0.0	1.0	ISI	n/a	n/a	n/a	n/a	n/a	n/a
1.0208972999998878	2.7517854999996416	decision_monetary	1.6607912999998007	8	predict_win	P	P_DD901.jpg	brown
3.773091099999874	2.015094599999429	ISI	n/a	n/a	n/a	P	P_DD901.jpg	brown
5.804478499999277	2.751353200000267	decision_monetary	2.3469856000001528	9	predict_loss	P	P_DD902.jpg	green
8.556183199999396	2.0026895000000877	ISI	n/a	n/a	n/a	P	P_DD902.jpg	green
10.56363710000005	2.750922599999285	decision_monetary	1.8734982999994827	9	predict_loss	P	P_SD901.jpg	yellow
13.314925099999527	2.0143577999997433	ISI	n/a	n/a	n/a	P	P_SD901.jpg	yellow
15.334126299999298	2.7509704000003694	decision_monetary	1.9249104000000443	0	predict_neutral	P	P_SD902.jpg	brown
18.085444199999984	2.0145495999995546	ISI	n/a	n/a	n/a	P	P_SD902.jpg	brown
