onset	duration	trial_type	rt	resp	selection	gender	image	image_type
0.0	1.0	ISI	n/a	n/a	n/a	n/a	n/a	n/a
1.0190063999980339	2.7636448000012024	decision_monetary_MISSED	missed	missed	missed	P	P_DD901.jpg	brown
3.7833136999979615	2.0159557000006316	ISI	n/a	n/a	n/a	P	P_DD901.jpg	brown
5.80829619999713	2.7576442999998108	decision_monetary_MISSED	missed	missed	missed	P	P_DD902.jpg	green
8.566191599999001	2.0164832999980717	ISI	n/a	n/a	n/a	P	P_DD902.jpg	green
10.58591819999856	2.7633789999999863	decision_monetary_MISSED	missed	missed	missed	P	P_SD901.jpg	yellow
13.349553099997138	2.0163515000022016	ISI	n/a	n/a	n/a	P	P_SD901.jpg	yellow
15.369180399997276	2.763487600001099	decision_monetary_MISSED	missed	missed	missed	P	P_SD902.jpg	brown
18.132934599998407	2.0163188000005903	ISI	n/a	n/a	n/a	P	P_SD902.jpg	brown
