onset	duration	trial_type	rt	resp	selection	gender	image	image_type
0.0	1.0	ISI	n/a	n/a	n/a	n/a	n/a	n/a
1.019152699969709	2.751070400001481	decision_social	1.3488781000487506	8	predict_loss	P	P_MF901.jpg	white
3.7705558999441564	2.0125669001135975	ISI	n/a	n/a	n/a	P	P_MF901.jpg	white
5.791995400097221	2.75186669989489	decision_social	1.5761841998901218	7	predict_neutral	P	P_FF901.jpg	asian
8.544153800001368	2.0057427000720054	ISI	n/a	n/a	n/a	P	P_FF901.jpg	asian
10.55319879995659	2.7522801000159234	decision_social	1.2979381999466568	4	recall_neutral	P	P_MF902.jpg	latino
13.305770399980247	2.010774200083688	ISI	n/a	n/a	n/a	P	P_MF902.jpg	latino
15.319838699884713	2.7518311000894755	decision_social	1.0148360000457615	3	recall_loss	P	P_FF902.jpg	latino
18.071968500036746	2.0111612998880446	ISI	n/a	n/a	n/a	P	P_FF902.jpg	latino
