onset	duration	trial_type	rt	resp	selection	gender	image	image_type
0.0	1.0	ISI	n/a	n/a	n/a	n/a	n/a	n/a
1.0215270998887718	2.752645800355822	decision_monetary	2.3601831002160907	0	predict_neutral	P	P_DD901.jpg	brown
3.7745969998650253	2.0132439001463354	ISI	n/a	n/a	n/a	P	P_DD901.jpg	brown
5.803562500048429	2.7515934999100864	decision_monetary	2.7475866000168025	0	predict_neutral	P	P_DD902.jpg	green
8.555834100116044	2.0025494997389615	ISI	n/a	n/a	n/a	P	P_DD902.jpg	green
10.563163899816573	2.76422470016405	decision_monetary_MISSED	missed	missed	missed	P	P_SD901.jpg	yellow
13.327744599897414	2.0010800999589264	ISI	n/a	n/a	n/a	P	P_SD901.jpg	yellow
15.333620199933648	2.7504288000054657	decision_monetary	1.941897400189191	1	recall_win	P	P_SD902.jpg	brown
18.084412700030953	2.0151991001330316	ISI	n/a	n/a	n/a	P	P_SD902.jpg	brown
