onset	duration	trial_type	rt	resp	selection	gender	image	image_type
0.0	1.0	ISI	n/a	n/a	n/a	n/a	n/a	n/a
1.0208239999992657	2.751597300000867	decision_social	2.2932529999998224	3	predict_neutral	P	P_MF901.jpg	white
3.7727784999988216	2.015158700000029	ISI	n/a	n/a	n/a	P	P_MF901.jpg	white
5.792769600000611	2.7516101999972307	decision_social	1.8905844999972032	0	recall_neutral	P	P_FF901.jpg	asian
8.54473809999763	2.0138277000005473	ISI	n/a	n/a	n/a	P	P_FF901.jpg	asian
10.563293200000771	2.750369099998352	decision_social	2.1575527999993938	9	recall_loss	P	P_MF902.jpg	latino
13.31401679999908	2.0151297000011255	ISI	n/a	n/a	n/a	P	P_MF902.jpg	latino
15.333858199999668	2.7521097999997437	decision_social	2.2243565999997372	1	predict_win	P	P_FF902.jpg	latino
18.086319699999876	2.0134929999985616	ISI	n/a	n/a	n/a	P	P_FF902.jpg	latino
