onset	duration	trial_type	rt	resp	selection	gender	image	image_type
0.0	1.0	ISI	n/a	n/a	n/a	n/a	n/a	n/a
1.0199669001158327	2.75049680005759	decision_monetary	1.8914908999577165	7	recall_neutral	P	P_DD901.jpg	brown
3.7707775000017136	2.0124274000991136	ISI	n/a	n/a	n/a	P	P_DD901.jpg	brown
5.786766299977899	2.750777100212872	decision_monetary	1.3736675002146512	9	recall_win	P	P_DD902.jpg	green
8.537849600194022	2.012354000005871	ISI	n/a	n/a	n/a	P	P_DD902.jpg	green
10.553717900067568	2.752256399951875	decision_monetary	1.6249192000832409	9	recall_win	P	P_SD901.jpg	yellow
13.306273200083524	2.010501299984753	ISI	n/a	n/a	n/a	P	P_SD901.jpg	yellow
15.320298900129274	2.7509303998667747	decision_monetary	2.35727409995161	7	recall_neutral	P	P_SD902.jpg	brown
18.07153100008145	2.012016799999401	ISI	n/a	n/a	n/a	P	P_SD902.jpg	brown
