onset	duration	trial_type	rt	resp	selection	gender	image	image_type
0.0	1.0	ISI	n/a	n/a	n/a	n/a	n/a	n/a
1.0198692998383194	2.7515064000617713	decision_monetary	1.7745640000794083	3	recall_loss	P	P_DD901.jpg	brown
3.7717159998137504	2.011065000202507	ISI	n/a	n/a	n/a	P	P_DD901.jpg	brown
5.787035999819636	2.7509700001683086	decision_monetary	1.2574279999826103	7	predict_neutral	P	P_DD902.jpg	green
8.538333299802616	2.011146300006658	ISI	n/a	n/a	n/a	P	P_DD902.jpg	green
10.552994899917394	2.751379400026053	decision_monetary	1.0751680000685155	8	predict_loss	P	P_SD901.jpg	yellow
13.304663699818775	2.011507800081745	ISI	n/a	n/a	n/a	P	P_SD901.jpg	yellow
15.319492599926889	2.752048499882221	decision_monetary	0.9241327999625355	2	recall_win	P	P_SD902.jpg	brown
18.071828600019217	2.010950799798593	ISI	n/a	n/a	n/a	P	P_SD902.jpg	brown
