onset	duration	trial_type	rt	resp	selection	gender	image	image_type
0.0	1.0	ISI	n/a	n/a	n/a	n/a	n/a	n/a
1.0186020000255667	2.7511517999810167	decision_monetary	2.0251136000151746	3	predict_loss	P	P_DD901.jpg	brown
3.7700580999953672	2.01303920004284	ISI	n/a	n/a	n/a	P	P_DD901.jpg	brown
5.786646499997005	2.7521106000058353	decision_monetary	1.874585100042168	7	recall_neutral	P	P_DD902.jpg	green
8.539204600034282	2.0105120000080206	ISI	n/a	n/a	n/a	P	P_DD902.jpg	green
10.55320990004111	2.7517455999623053	decision_monetary	2.0245292999898084	3	predict_loss	P	P_SD901.jpg	yellow
13.30531319999136	2.0108999000512995	ISI	n/a	n/a	n/a	P	P_SD901.jpg	yellow
15.31961190002039	2.751776700024493	decision_monetary	1.8411220000125468	7	recall_neutral	P	P_SD902.jpg	brown
18.071693600038998	2.011235799989663	ISI	n/a	n/a	n/a	P	P_SD902.jpg	brown
