onset	duration	trial_type	rt	resp	selection	gender	image	image_type
0.0	1.0	ISI	n/a	n/a	n/a	n/a	n/a	n/a
1.0206838001031429	2.75193439994473	decision_monetary	1.9586819999385625	1	recall_win	P	P_DD901.jpg	brown
3.7729819000232965	2.0147962999762967	ISI	n/a	n/a	n/a	P	P_DD901.jpg	brown
5.792798300040886	2.7524428999749944	decision_monetary	1.4411985999904573	2	recall_loss	P	P_DD902.jpg	green
8.545638300012797	2.0128464000299573	ISI	n/a	n/a	n/a	P	P_DD902.jpg	green
10.563256400055252	2.7508178999414667	decision_monetary	1.1236213999800384	2	recall_loss	P	P_SD901.jpg	yellow
13.314433400053531	2.0145310000516474	ISI	n/a	n/a	n/a	P	P_SD901.jpg	yellow
15.333917800104246	2.7511118999682367	decision_monetary	1.7080664999084547	2	recall_loss	P	P_SD902.jpg	brown
18.0853929000441	2.0142617999808863	ISI	n/a	n/a	n/a	P	P_SD902.jpg	brown
