onset	duration	trial_type	rt	resp	selection	gender	image	image_type
0.0	1.0	ISI	n/a	n/a	n/a	n/a	n/a	n/a
1.0186358999926597	2.7639689999632537	decision_social_MISSED	missed	missed	missed	P	P_MF901.jpg	white
3.7829599999822676	2.015899099991657	ISI	n/a	n/a	n/a	P	P_MF901.jpg	white
5.802926199976355	2.7510094000026584	decision_social	2.057492700056173	7	recall_neutral	P	P_FF901.jpg	asian
8.554235800052993	2.01186540001072	ISI	n/a	n/a	n/a	P	P_FF901.jpg	asian
10.56948059995193	2.7515567000955343	decision_social	1.972885200055316	4	predict_neutral	P	P_MF902.jpg	latino
13.321341100032441	2.011226899921894	ISI	n/a	n/a	n/a	P	P_MF902.jpg	latino
15.336012799991295	2.7522034000139683	decision_social	1.97338540002238	8	recall_loss	P	P_FF902.jpg	latino
18.088544800062664	2.010277699911967	ISI	n/a	n/a	n/a	P	P_FF902.jpg	latino
