onset	duration	trial_type	rt	resp	selection	gender	image	image_type
0.0	1.0	ISI	n/a	n/a	n/a	n/a	n/a	n/a
1.0189725999953225	2.7634390000021085	decision_monetary_MISSED	missed	missed	missed	P	P_DD901.jpg	brown
3.7830727000255138	2.00028089992702	ISI	n/a	n/a	n/a	P	P_DD901.jpg	brown
5.792954099946655	2.7514655999839306	decision_monetary	0.8668419000459835	2	predict_win	P	P_DD902.jpg	green
8.544722800026648	2.0044471999863163	ISI	n/a	n/a	n/a	P	P_DD902.jpg	green
10.552454099990427	2.750827700016089	decision_monetary	2.191269899951294	3	predict_loss	P	P_SD901.jpg	yellow
13.303589700022712	2.01223819993902	ISI	n/a	n/a	n/a	P	P_SD901.jpg	yellow
15.319290500017814	2.7632654999615625	decision_monetary_MISSED	missed	missed	missed	P	P_SD902.jpg	brown
18.082808999926783	2.0014560000272468	ISI	0.21684880007524043	4	predict_neutral	P	P_SD902.jpg	brown
