onset	duration	trial_type	rt	resp	selection	gender	image	image_type
0.0	1.0	ISI	n/a	n/a	n/a	n/a	n/a	n/a
1.0211619999972754	2.7502800000002026	decision_monetary	2.48984930000006	9	predict_win	P	P_DD901.jpg	brown
3.771820599999046	2.011553600001207	ISI	n/a	n/a	n/a	P	P_DD901.jpg	brown
5.793967899997369	2.755821200000355	decision_monetary_MISSED	missed	missed	missed	P	P_DD902.jpg	green
8.550035199998092	2.016412799999671	ISI	n/a	n/a	n/a	P	P_DD902.jpg	green
10.569706299997051	2.7512673000019277	decision_monetary	2.4407991000007314	9	predict_win	P	P_SD901.jpg	yellow
13.321292299999186	2.011802599998191	ISI	n/a	n/a	n/a	P	P_SD901.jpg	yellow
15.336368799999036	2.763396800000919	decision_monetary_MISSED	missed	missed	missed	P	P_SD902.jpg	brown
18.100010599999223	2.000171499999851	ISI	0.11708830000134185	9	predict_win	P	P_SD902.jpg	brown
