onset	duration	trial_type	rt	resp	selection	gender	image	image_type
0.0	1.0	ISI	n/a	n/a	n/a	n/a	n/a	n/a
1.0200582998804748	2.750740900170058	decision_monetary	1.6231818001251668	2	recall_win	P	P_DD901.jpg	brown
3.771104499930516	2.0121126999147236	ISI	n/a	n/a	n/a	P	P_DD901.jpg	brown
5.7868818999268115	2.751056500012055	decision_monetary	1.340268800035119	2	recall_win	P	P_DD902.jpg	green
8.538255400024354	2.011529800016433	ISI	n/a	n/a	n/a	P	P_DD902.jpg	green
10.553091200068593	2.7510394998826087	decision_monetary	1.791180099826306	7	predict_neutral	P	P_SD901.jpg	yellow
13.304427499882877	2.012093900004402	ISI	n/a	n/a	n/a	P	P_SD901.jpg	yellow
15.319849999854341	2.751327000092715	decision_monetary	1.374389300122857	2	recall_win	P	P_SD902.jpg	brown
18.07147409999743	2.0117047999519855	ISI	n/a	n/a	n/a	P	P_SD902.jpg	brown
