onset	duration	trial_type	rt	resp	selection	gender	image	image_type
0.0	1.0	ISI	n/a	n/a	n/a	n/a	n/a	n/a
1.020734999969136	2.762676400016062	decision_monetary_MISSED	missed	missed	missed	P	P_DD901.jpg	brown
3.7845524000003934	2.0152327999821864	ISI	n/a	n/a	n/a	P	P_DD901.jpg	brown
5.8120535999769345	2.752012500015553	decision_monetary	0.8317204000195488	9	recall_win	P	P_DD902.jpg	green
8.564373300003354	2.002117099997122	ISI	n/a	n/a	n/a	P	P_DD902.jpg	green
10.569856199959759	2.7518866000464186	decision_monetary	1.6901300000026822	4	predict_neutral	P	P_SD901.jpg	yellow
13.322061399987433	2.011124800017569	ISI	n/a	n/a	n/a	P	P_SD901.jpg	yellow
15.33681309997337	2.7516123999957927	decision_monetary	1.7566201000008732	9	recall_win	P	P_SD902.jpg	brown
18.08873279998079	2.0110643000225537	ISI	n/a	n/a	n/a	P	P_SD902.jpg	brown
